tt0000009|nm0183823
tt0000009|nm0085156
tt0000009|nm0063086
tt0000009|nm1309758
tt0000147|nm0280615
tt0000147|nm4081458
tt0000147|nm0179163
tt0000147|nm0714557
tt0000147|nm2256592
tt0000147|nm4082222
tt0000147|nm0103755
tt0000335|nm0675260
tt0000335|nm1011210
tt0000335|nm0095714
tt0000335|nm0675239
tt0000335|nm1012612
tt0000335|nm1012621
tt0000335|nm0675140
tt0000335|nm1010955
tt0000502|nm0063413
tt0000502|nm0657268
tt0000502|nm0675388
tt0000502|nm0215752
tt0000502|nm0252720
tt0000574|nm2421834
tt0000574|nm0675239
tt0000574|nm0846887
tt0000574|nm0846894
tt0000574|nm3002376
tt0000574|nm0170118
tt0000574|nm0846879
tt0000574|nm0317210
tt0000574|nm0425854
tt0000574|nm0846911
tt0016957|nm0114266
tt0016957|nm0300529
tt0000584|nm0191133
tt0000584|nm0305591
tt0000584|nm0400103
tt0000615|nm3071427
tt0000615|nm0888988
tt0000615|nm0581353
tt0000615|nm0240418
tt0000615|nm0533958
tt0000615|nm0092809
tt0000615|nm0167619
tt0000615|nm0346387
tt0000615|nm0218953
tt0000630|nm0624446
tt0000630|nm0143333
tt0000630|nm0209738
tt0000630|nm0000636
tt0000675|nm0194088
tt0000675|nm0148859
tt0000676|nm0194088
tt0000676|nm0140054
tt0000676|nm0097421
tt0000676|nm0729044
tt0000679|nm0877783
tt0000679|nm0000875
tt0000679|nm0122665
tt0000679|nm0933446
tt0000679|nm0542903
tt0000679|nm2924919
tt0000679|nm0091767
tt0000739|nm0400103
tt0000739|nm0191133
tt0000793|nm0691995
tt0000793|nm0081288
tt0000812|nm0185426
tt0000812|nm0870831
tt0000814|nm0870831
tt0000814|nm0185426
tt0000838|nm0017074
tt0000842|nm0005717
tt0000846|nm0023107
tt0000850|nm0550220
tt0000850|nm0063413
tt0000850|nm0063412
tt0000859|nm0005717
tt0000862|nm0386036
tt0000862|nm0526190
tt0000862|nm5289318
tt0000862|nm5188470
tt0000862|nm0511080
tt0000862|nm0535230
tt0000862|nm0264569
tt0000862|nm5289829
tt0000862|nm0878467
tt0000862|nm0957652
tt0000867|nm0023107
tt0000868|nm0005717
tt0000869|nm0005717
tt0000879|nm0023107
tt0000879|nm1747784
tt0000879|nm2681099
tt0000886|nm0609814
tt0000886|nm0000636
tt0000886|nm0099901
tt0000891|nm0814379
tt0000891|nm0727622
tt0000891|nm0333175
tt0000891|nm0488932
tt0000941|nm0550220
tt0000941|nm0034453
tt0000941|nm0140054
tt0000941|nm0243918
tt0000941|nm0063413
tt0000941|nm0294022
tt0000941|nm0848502
tt0000947|nm0488932
tt0000947|nm0814379
tt0000959|nm0870831
tt0000959|nm0185426
tt0000984|nm0023107
tt0000992|nm0119164
tt0001007|nm0870831
tt0001007|nm0185426
tt0001010|nm0870831
tt0001010|nm0185426
tt0001028|nm0294276
tt0001043|nm0294276
tt0001045|nm0621051
tt0001045|nm0285242
tt0001045|nm0000636
tt0001049|nm5188470
tt0001049|nm1834127
tt0001049|nm0535230
tt0001049|nm0251436
tt0001049|nm0280746
tt0001049|nm0022607
tt0001049|nm0762935
tt0001049|nm0104856
tt0001049|nm5217890
tt0001049|nm0526190
tt0001051|nm0550220
tt0001051|nm0063413
tt0001059|nm0826298
tt0001068|nm0185426
tt0001068|nm0870831
tt0001069|nm0870831
tt0001069|nm0185426
tt0001080|nm0294276
tt0001081|nm0870831
tt0001081|nm0185426
tt0001082|nm0023107
tt0001101|nm0923603
tt0001101|nm0923594
tt0001109|nm0304098
tt0001112|nm0143332
tt0001112|nm0135493
tt0001112|nm0000636
tt0001112|nm0143333
tt0001113|nm0159015
tt0001115|nm0375839
tt0001115|nm0306604
tt0001115|nm0064953
tt0001115|nm0299757
tt0001115|nm0169878
tt0001115|nm0539049
tt0001115|nm0630641
tt0001115|nm1834296
tt0001115|nm0085066
tt0001115|nm0627140
tt0001116|nm0630641
tt0001116|nm0064953
tt0001116|nm0736379
tt0001116|nm0085066
tt0001116|nm0306604
tt0001116|nm0539049
tt0001116|nm0375839
tt0001116|nm0627140
tt0001116|nm0299757
tt0001116|nm0169878
tt0001122|nm0756543
tt0001122|nm0051304
tt0001122|nm0605942
tt0001122|nm0167461
tt0001122|nm0941542
tt0001122|nm0154988
tt0001122|nm0304098
tt0001141|nm0666972
tt0001142|nm0294276
tt0001159|nm0597995
tt0001175|nm0854414
tt0001175|nm0693516
tt0001175|nm0241414
tt0001175|nm0216066
tt0001175|nm0130633
tt0001175|nm0135053
tt0001175|nm0363465
tt0001175|nm0620586
tt0001175|nm0580197
tt0001175|nm0076800
tt0001179|nm0023107
tt0001184|nm0735618
tt0001184|nm0699807
tt0001184|nm0049370
tt0001184|nm0063413
tt0001184|nm0063412
tt0001184|nm0550220
tt0001186|nm0783152
tt0001186|nm0000875
tt0001186|nm0877783
tt0001186|nm0601556
tt0001203|nm0005717
tt0001230|nm0002503
tt0001240|nm0742120
tt0001240|nm0478475
tt0001240|nm0627274
tt0001240|nm1267460
tt0001240|nm1266474
tt0001240|nm1266292
tt0001240|nm0000636
tt0001240|nm0381005
tt0001240|nm0088881
tt0001240|nm0762935
tt0001247|nm0294276
tt0001258|nm1459190
tt0001258|nm2528881
tt0001258|nm1993094
tt0001258|nm0478475
tt0001258|nm1833881
tt0001258|nm0421945
tt0001258|nm0088881
tt0001258|nm1458507
tt0001258|nm0333175
tt0001258|nm2112876
tt0001277|nm0299757
tt0001277|nm5190017
tt0001277|nm0169878
tt0001277|nm0375839
tt0001277|nm0772788
tt0001277|nm0736379
tt0001285|nm0401967
tt0001285|nm0366742
tt0001285|nm0037789
tt0001285|nm0448682
tt0001285|nm0085865
tt0001285|nm0832458
tt0001304|nm1234686
tt0001304|nm0005736
tt0001304|nm0762408
tt0001304|nm0513617
tt0001338|nm0324690
tt0001338|nm0471787
tt0016957|nm0114266
tt0001338|nm0698839
tt0001341|nm0468351
tt0001341|nm0218175
tt0001341|nm0471818
tt0001341|nm0952034
tt0001341|nm1024681
tt0001341|nm0782422
tt0001341|nm0295457
tt0001353|nm0304098
tt0001353|nm0135052
tt0001358|nm1159832
tt0001358|nm0262132
tt0001358|nm0234670
tt0001358|nm5227562
tt0001358|nm0360733
tt0001358|nm5665880
tt0001358|nm0084830
tt0001364|nm0159015
tt0001364|nm0036298
tt0001364|nm0305918
tt0001366|nm0159015
tt0001370|nm0896618
tt0001370|nm0764002
tt0001370|nm0105501
tt0001370|nm0182214
tt0001379|nm0294276
tt0001381|nm2434920
tt0001381|nm1261170
tt0001381|nm1003261
tt0001381|nm0300487
tt0001381|nm0927690
tt0001381|nm0835591
tt0001381|nm5223669
tt0001381|nm2547818
tt0001381|nm0511155
tt0001381|nm0526189
tt0001382|nm0182052
tt0001386|nm0304098
tt0001422|nm0001908
tt0001440|nm0064953
tt0001440|nm0169878
tt0001440|nm0299757
tt0001440|nm1434907
tt0001440|nm0539049
tt0001440|nm1206972
tt0001440|nm0332028
tt0001440|nm0085066
tt0001440|nm0375839
tt0001440|nm2150938
tt0001475|nm1616439
tt0001475|nm1617025
tt0001475|nm0207512
tt0001475|nm0836458
tt0001475|nm1714653
tt0001475|nm0108345
tt0001482|nm0000428
tt0001482|nm0287792
tt0001482|nm0377289
tt0001482|nm0524306
tt0001482|nm0005658
tt0001482|nm0568282
tt0001495|nm0294276
tt0001498|nm0768187
tt0001498|nm0095809
tt0001498|nm1372000
tt0001498|nm0697944
tt0001498|nm0330280
tt0001498|nm0644728
tt0001498|nm0205986
tt0001498|nm0007239
tt0001515|nm0408436
tt0001521|nm0630927
tt0001521|nm5231656
tt0001521|nm3068222
tt0001521|nm0227602
tt0001521|nm1267460
tt0001530|nm0738202
tt0001530|nm0198972
tt0001530|nm0519315
tt0001530|nm0528022
tt0001530|nm0383382
tt0001531|nm0383382
tt0001531|nm0092809
tt0001531|nm1010943
tt0001531|nm0909492
tt0001531|nm0528022
tt0001531|nm0627427
tt0001531|nm0738202
tt0001531|nm0198972
tt0001569|nm0681933
tt0001573|nm0005717
tt0001580|nm0018885
tt0001580|nm0029253
tt0001583|nm0869559
tt0001583|nm0304098
tt0001583|nm0529735
tt0001583|nm0634170
tt0001583|nm0719749
tt0001586|nm0681933
tt0001586|nm0408436
tt0001587|nm0063413
tt0001587|nm0550220
tt0001592|nm0647719
tt0001592|nm0676978
tt0001592|nm1532213
tt0001592|nm0088881
tt0001592|nm1458590
tt0001592|nm0927690
tt0001592|nm0690702
tt0001592|nm0491503
tt0001592|nm0478475
tt0001592|nm0740463
tt0001602|nm0239263
tt0001602|nm0118272
tt0001602|nm0736464
tt0001602|nm0312146
tt0001602|nm0037414
tt0001602|nm0136241
tt0001602|nm0260771
tt0001602|nm0216941
tt0001602|nm0728158
tt0001602|nm0328322
tt0001603|nm0511155
tt0001603|nm5239866
tt0001603|nm5239890
tt0001603|nm0227602
tt0001603|nm0927374
tt0001603|nm0511223
tt0001603|nm5239860
tt0001603|nm0583207
tt0001603|nm0512539
tt0001603|nm0406094
tt0001604|nm0272340
tt0001604|nm0030667
tt0001604|nm0254852
tt0001604|nm0519315
tt0001604|nm0383329
tt0001604|nm0528022
tt0001604|nm0376556
tt0001604|nm0163519
tt0001604|nm0328760
tt0001604|nm0181848
tt0001609|nm0005717
tt0001610|nm0005717
tt0001611|nm0005717
tt0001612|nm0005717
tt0001628|nm0848232
tt0001630|nm1270556
tt0001630|nm0300487
tt0001630|nm0631025
tt0001630|nm0473134
tt0001630|nm0005869
tt0001630|nm0707778
tt0001630|nm0003425
tt0001630|nm0166547
tt0001630|nm1495634
tt0001630|nm0585785
tt0001648|nm0949565
tt0001648|nm0672885
tt0001692|nm0643138
tt0001692|nm0005869
tt0001692|nm0300487
tt0001692|nm0003425
tt0001692|nm0282348
tt0001692|nm1270556
tt0001692|nm0016799
tt0001706|nm0865178
tt0001706|nm0533615
tt0001706|nm0639631
tt0001706|nm0001908
tt0001706|nm0138771
tt0001706|nm0693055
tt0001711|nm1356916
tt0001711|nm0002161
tt0001711|nm0166433
tt0001711|nm0372992
tt0001711|nm0179557
tt0001711|nm0388674
tt0001711|nm0723801
tt0001711|nm0009872
tt0001712|nm1071095
tt0001712|nm0288616
tt0001712|nm0054884
tt0001716|nm0294276
tt0001731|nm0198972
tt0001731|nm0519315
tt0001731|nm0164888
tt0001731|nm0528022
tt0001731|nm0738202
tt0001731|nm0383382
tt0001756|nm0005717
tt0001756|nm0679170
tt0001756|nm0034454
tt0001756|nm0034548
tt0001756|nm0688764
tt0001756|nm0611814
tt0001764|nm0023107
tt0001778|nm0742633
tt0001780|nm0088881
tt0001785|nm0738202
tt0001790|nm0470307
tt0001790|nm1761548
tt0001790|nm0959921
tt0001790|nm0592965
tt0001790|nm0213989
tt0001790|nm0286189
tt0001790|nm0893346
tt0001790|nm0401076
tt0001790|nm0135053
tt0001790|nm0135052
tt0001803|nm0675239
tt0001803|nm0511143
tt0001803|nm0401744
tt0001812|nm0207207
tt0001812|nm0294276
tt0001812|nm0814668
tt0001826|nm0511729
tt0001826|nm0002001
tt0001845|nm0159015
tt0001845|nm0674518
tt0001858|nm0135053
tt0001858|nm0304098
tt0001858|nm0308551
tt0001858|nm0217963
tt0001858|nm0135052
tt0001858|nm0470307
tt0001858|nm0344930
tt0001858|nm0336414
tt0001881|nm0168503
tt0001889|nm0143865
tt0001889|nm0727484
tt0001889|nm0483943
tt0001889|nm0742120
tt0001889|nm2542283
tt0001889|nm0539045
tt0001889|nm0159725
tt0001889|nm0772797
tt0001892|nm0005869
tt0001892|nm0375839
tt0001892|nm0300487
tt0001892|nm2131092
tt0001892|nm0016799
tt0001892|nm0699637
tt0001892|nm0282348
tt0001892|nm2325688
tt0001892|nm0423762
tt0001892|nm0003425
tt0001911|nm0519315
tt0001911|nm0450440
tt0001911|nm0627427
tt0001911|nm0167411
tt0001911|nm0829692
tt0001911|nm0492661
tt0001911|nm0615670
tt0001911|nm0233512
tt0001911|nm0383382
tt0001914|nm0783027
tt0001914|nm0837183
tt0001914|nm0300487
tt0001914|nm0917744
tt0001914|nm0016799
tt0001914|nm0003425
tt0001914|nm0005869
tt0001914|nm0937377
tt0001920|nm0023107
tt0001964|nm0954390
tt0001964|nm0300487
tt0001964|nm0016799
tt0001964|nm0005869
tt0001964|nm0883519
tt0001964|nm0643138
tt0001964|nm0932878
tt0001964|nm0003425
tt0001964|nm0666749
tt0001964|nm0036060
tt0001965|nm0037414
tt0001965|nm0309186
tt0001965|nm0087250
tt0001992|nm0691995
tt0001993|nm0304098
tt0001993|nm0605942
tt0001998|nm0325670
tt0001999|nm0084902
tt0001999|nm0540217
tt0001999|nm0071086
tt0001999|nm0005748
tt0001999|nm0526606
tt0001999|nm0959818
tt0001999|nm0034436
tt0002001|nm0459142
tt0002019|nm0168503
tt0002022|nm0028916
tt0002022|nm0698839
tt0002022|nm0789401
tt0002022|nm0900111
tt0002022|nm0538779
tt0002026|nm0064944
tt0002026|nm0084804
tt0002026|nm0959065
tt0002026|nm0959066
tt0002026|nm0027708
tt0002026|nm0418086
tt0002026|nm0526167
tt0002026|nm0259235
tt0002026|nm0115982
tt0002026|nm0348052
tt0002031|nm0085865
tt0002031|nm0119138
tt0002031|nm0000636
tt0002031|nm0949648
tt0002031|nm0007221
tt0002031|nm0169078
tt0002031|nm0850033
tt0002031|nm0857302
tt0002031|nm0448682
tt0002039|nm0229629
tt0002040|nm0646844
tt0002040|nm0581816
tt0002040|nm0554896
tt0002040|nm0728160
tt0002040|nm0728158
tt0002044|nm0294276
tt0002046|nm0168503
tt0002046|nm0191133
tt0002060|nm0126594
tt0002060|nm0434130
tt0002060|nm1046841
tt0002060|nm0375871
tt0002088|nm1553125
tt0002088|nm0851633
tt0002088|nm1760538
tt0002088|nm2139851
tt0002089|nm0294276
tt0002089|nm0617737
tt0002094|nm0294276
tt0002101|nm0182557
tt0002101|nm0906610
tt0002101|nm0397513
tt0002101|nm1950505
tt0002101|nm0765026
tt0002101|nm0309130
tt0002101|nm0733482
tt0002101|nm0276160
tt0002101|nm0801774
tt0002101|nm0306947
tt0002102|nm0408436
tt0002109|nm0408436
tt0002115|nm0304098
tt0002119|nm0898366
tt0002119|nm0738202
tt0002130|nm1374692
tt0002130|nm1376296
tt0002130|nm1376180
tt0002130|nm0685283
tt0002130|nm0019604
tt0002130|nm0078205
tt0002130|nm0655824
tt0002130|nm0660139
tt0002130|nm0209738
tt0002130|nm3942815
tt0002131|nm0884879
tt0002140|nm0898366
tt0002140|nm0738202
tt0002152|nm0624652
tt0002152|nm2543207
tt0002152|nm5168498
tt0002153|nm0699637
tt0002153|nm0458071
tt0002153|nm0381005
tt0002153|nm0414716
tt0002153|nm0159779
tt0002153|nm1266474
tt0002153|nm0773654
tt0002153|nm0647719
tt0002153|nm1069712
tt0002153|nm0385541
tt0002156|nm0005717
tt0002156|nm0684029
tt0002157|nm0488932
tt0002157|nm0903955
tt0002157|nm0775568
tt0002157|nm0527617
tt0002157|nm0872326
tt0002157|nm0390586
tt0002163|nm0509573
tt0002163|nm0549989
tt0002163|nm0582268
tt0002163|nm0823150
tt0002163|nm0691995
tt0002163|nm0296193
tt0002163|nm0723801
tt0002163|nm1993235
tt0002163|nm1992222
tt0002163|nm0903959
tt0002165|nm0005717
tt0002167|nm0834529
tt0002167|nm0861832
tt0002167|nm0018814
tt0002167|nm0265890
tt0002167|nm0389352
tt0002167|nm0085007
tt0002167|nm0088899
tt0002167|nm0515593
tt0002167|nm0043508
tt0002180|nm0005717
tt0002186|nm0421656
tt0002186|nm0064949
tt0002186|nm0517327
tt0002186|nm0653149
tt0002186|nm1923782
tt0002186|nm1921007
tt0002186|nm0511155
tt0002186|nm0653174
tt0002186|nm1925762
tt0002186|nm1925034
tt0002188|nm0408436
tt0002199|nm0646058
tt0002199|nm0605017
tt0002199|nm0310155
tt0002199|nm0014707
tt0002199|nm0391228
tt0002199|nm0897085
tt0002199|nm0245769
tt0002199|nm0391220
tt0002199|nm0087381
tt0002199|nm0446092
tt0002202|nm0099901
tt0002202|nm0706926
tt0002211|nm0699637
tt0002211|nm0116796
tt0002211|nm1531372
tt0002211|nm2529677
tt0002211|nm0385541
tt0002211|nm0227602
tt0002211|nm5168498
tt0002211|nm0491498
tt0002211|nm2528881
tt0002211|nm1069712
tt0002220|nm0681933
tt0002220|nm0000428
tt0002234|nm0803705
tt0002234|nm0171856
tt0002234|nm0096737
tt0002234|nm0252476
tt0002234|nm0297039
tt0002234|nm0635752
tt0002234|nm0403851
tt0002234|nm0022011
tt0002234|nm0526234
tt0002234|nm0034436
tt0002242|nm0294276
tt0002262|nm0304098
tt0002262|nm0869559
tt0002262|nm0858286
tt0002276|nm0294276
tt0002286|nm0294276
tt0002292|nm0898366
tt0002292|nm0738202
tt0002305|nm1179300
tt0002305|nm0003546
tt0002305|nm0000428
tt0002305|nm0127511
tt0002305|nm0897642
tt0002315|nm0168503
tt0002328|nm0294276
tt0002328|nm0576791
tt0002329|nm0797730
tt0002329|nm0002031
tt0002329|nm2099703
tt0002329|nm0895382
tt0002329|nm3524487
tt0002329|nm0813922
tt0002329|nm1918511
tt0002329|nm3523653
tt0002329|nm0010373
tt0002329|nm3501535
tt0002333|nm0375704
tt0002333|nm0121549
tt0002333|nm0300487
tt0002333|nm1493129
tt0002333|nm0016799
tt0002333|nm0005869
tt0002333|nm0003425
tt0002333|nm1495193
tt0002333|nm1493781
tt0002335|nm0550220
tt0002335|nm0063413
tt0002335|nm0897953
tt0002335|nm0515860
tt0002337|nm0913341
tt0002337|nm0124279
tt0002345|nm0294276
tt0002348|nm0216031
tt0002348|nm0823150
tt0002348|nm0691995
tt0002348|nm1152083
tt0002348|nm0296193
tt0002348|nm1818289
tt0002348|nm0051304
tt0002348|nm0350695
tt0002348|nm0723801
tt0002348|nm0582268
tt0002361|nm0431898
tt0002361|nm0397639
tt0002361|nm0519315
tt0002361|nm0397669
tt0002361|nm0447168
tt0002361|nm0383382
tt0002361|nm0377987
tt0002361|nm0328760
tt0002361|nm0198549
tt0002361|nm0058020
tt0002362|nm0294276
tt0002373|nm0830249
tt0002373|nm0414887
tt0002373|nm0635752
tt0002373|nm0005748
tt0002373|nm0253307
tt0002375|nm0503415
tt0002375|nm0135052
tt0002375|nm0578805
tt0002375|nm0135053
tt0002375|nm0180078
tt0002375|nm0959921
tt0002375|nm0304098
tt0002395|nm0858286
tt0002395|nm0869559
tt0002395|nm0304098
tt0002405|nm0736778
tt0002405|nm0122918
tt0002405|nm0514281
tt0002405|nm0713815
tt0002405|nm0603650
tt0002405|nm0002042
tt0002405|nm0553290
tt0002405|nm0816901
tt0002405|nm0329522
tt0002405|nm0571760
tt0002406|nm0606530
tt0002406|nm0587610
tt0002406|nm0573033
tt0002406|nm0747454
tt0002406|nm0851953
tt0002406|nm0072872
tt0002406|nm1361626
tt0002406|nm0002042
tt0002406|nm1360649
tt0002410|nm0294276
tt0002423|nm0203452
tt0002423|nm0624470
tt0002423|nm0523932
tt0002423|nm0473134
tt0002423|nm0903235
tt0002423|nm0005882
tt0002423|nm0913298
tt0002423|nm0417837
tt0002423|nm0266183
tt0002423|nm0509573
tt0002425|nm0376052
tt0002425|nm0707095
tt0002431|nm0304098
tt0002432|nm0005717
tt0002438|nm0294276
tt0002439|nm0294276
tt0002444|nm0682075
tt0002444|nm0011111
tt0002445|nm0637019
tt0002445|nm0409208
tt0002445|nm0093646
tt0002445|nm1113433
tt0002445|nm0797197
tt0002445|nm0345500
tt0002445|nm0146335
tt0002445|nm0146331
tt0002445|nm0784988
tt0002446|nm0069295
tt0002452|nm1017847
tt0002452|nm1995281
tt0002452|nm2386325
tt0002452|nm2384492
tt0002452|nm0636620
tt0002452|nm0218404
tt0002452|nm0691238
tt0002458|nm0023107
tt0002459|nm0090205
tt0002459|nm0782962
tt0002459|nm0090204
tt0002459|nm0001908
tt0002461|nm0130633
tt0002461|nm0443857
tt0002461|nm0085865
tt0002461|nm0306817
tt0002461|nm0000636
tt0002461|nm0911963
tt0002461|nm0240143
tt0002461|nm0312600
tt0002467|nm0294276
tt0002467|nm0576791
tt0002474|nm0000636
tt0002474|nm2727220
tt0002474|nm2725710
tt0002474|nm1059690
tt0002474|nm1053222
tt0002474|nm1824687
tt0002474|nm0781361
tt0002474|nm0881638
tt0002483|nm0358164
tt0002483|nm0583645
tt0002483|nm0334873
tt0002483|nm0822801
tt0002483|nm0408436
tt0002483|nm0792727
tt0002483|nm0169088
tt0002483|nm0516974
tt0002491|nm0898366
tt0002491|nm0738202
tt0002514|nm0005748
tt0002514|nm0252476
tt0002514|nm0129300
tt0002514|nm0064949
tt0002514|nm0830249
tt0002514|nm0803705
tt0002514|nm0536368
tt0002517|nm0294276
tt0002525|nm0198549
tt0002525|nm0383329
tt0002525|nm0167394
tt0002525|nm0183005
tt0002525|nm0328760
tt0002525|nm0313055
tt0002525|nm0191828
tt0002525|nm0519315
tt0002525|nm0282367
tt0002525|nm0383495
tt0002540|nm0119164
tt0002540|nm0088881
tt0002540|nm0091386
tt0002540|nm0296178
tt0002540|nm2558782
tt0002540|nm0381005
tt0002540|nm0699637
tt0002540|nm0159779
tt0002544|nm0252476
tt0002544|nm0092083
tt0002544|nm0064949
tt0002544|nm0005748
tt0002544|nm0252472
tt0002544|nm0803705
tt0002544|nm0830249
tt0002549|nm0084962
tt0002549|nm8074508
tt0002549|nm0432305
tt0002549|nm0874799
tt0002549|nm0637902
tt0002549|nm0073906
tt0002549|nm0830249
tt0002555|nm0862278
tt0002555|nm2700803
tt0002555|nm0002031
tt0002555|nm0126723
tt0002555|nm0638929
tt0002555|nm0366078
tt0002555|nm2361564
tt0002555|nm2365973
tt0002555|nm8425238
tt0002555|nm8425237
tt0002556|nm0088881
tt0002556|nm0106514
tt0002556|nm0082349
tt0002556|nm2112876
tt0002556|nm1531812
tt0002556|nm0227602
tt0002556|nm0414716
tt0002556|nm0091386
tt0002556|nm0159779
tt0002556|nm0077946
tt0002559|nm1493781
tt0002559|nm0582268
tt0002559|nm0282348
tt0002572|nm1268667
tt0002572|nm0917744
tt0002572|nm0664342
tt0002572|nm0300487
tt0002572|nm0016799
tt0002572|nm0003425
tt0002572|nm0005869
tt0002590|nm0300487
tt0002590|nm0082178
tt0002590|nm0016799
tt0002590|nm0005869
tt0002590|nm0917744
tt0002590|nm0643302
tt0002590|nm0003425
tt0002591|nm0509573
tt0002591|nm0029806
tt0002591|nm0296193
tt0002594|nm0377987
tt0002594|nm0864044
tt0002594|nm0445274
tt0002594|nm0661995
tt0002594|nm0057491
tt0002594|nm0033732
tt0002594|nm0912686
tt0002594|nm0519315
tt0002594|nm0898366
tt0002594|nm0528022
tt0002595|nm0082178
tt0002595|nm0074186
tt0002595|nm0263912
tt0002595|nm0012216
tt0002595|nm0783027
tt0002595|nm0753233
tt0002602|nm0251442
tt0002602|nm1267460
tt0002602|nm0539049
tt0002602|nm0298614
tt0002605|nm0931031
tt0002605|nm0139356
tt0002605|nm0165134
tt0002605|nm0929808
tt0002605|nm0783152
tt0002605|nm0334918
tt0002605|nm0569805
tt0002605|nm0141315
tt0002605|nm0571186
tt0002605|nm0764346
tt0002624|nm0063413
tt0002624|nm0550220
tt0002625|nm0482894
tt0002625|nm0611814
tt0002625|nm0314025
tt0002625|nm0261907
tt0002625|nm0012481
tt0002625|nm0529814
tt0002625|nm0679170
tt0002625|nm0005717
tt0002625|nm0140054
tt0002625|nm0243918
tt0002628|nm0060168
tt0002628|nm0091426
tt0002628|nm0022962
tt0002628|nm0338466
tt0002628|nm1857018
tt0002628|nm0511317
tt0002628|nm0533048
tt0002628|nm0919225
tt0002628|nm0726020
tt0002628|nm0361518
tt0002637|nm0174720
tt0002637|nm0794096
tt0002637|nm0110838
tt0002637|nm0103130
tt0002637|nm0086816
